Model,Accuracy,AUC,Precision,Recall,F1,MCC
Logistic Regression,0.8315217391304348,0.9028746177370032,0.89,0.8165137614678899,0.8516746411483254,0.6608150352776395
Decision Tree,0.8152173913043478,0.8232415902140673,0.8947368421052632,0.7798165137614679,0.8333333333333334,0.635688427056554
KNN,0.8260869565217391,0.8718042813455658,0.8888888888888888,0.8073394495412844,0.8461538461538461,0.6511832732907407
Naive Bayes,0.8152173913043478,0.8886850152905199,0.8947368421052632,0.7798165137614679,0.8333333333333334,0.635688427056554
Random Forest,0.8804347826086957,0.9379816513761468,0.9065420560747663,0.8899082568807339,0.8981481481481481,0.7536306830763781
XGBoost,0.8532608695652174,0.9396941896024464,0.8942307692307693,0.8532110091743119,0.8732394366197183,0.7003604945988391
