Model,Accuracy,AUC,Precision,Recall,F1,MCC
Logistic Regression,0.81,0.7269867506354779,0.6926503340757239,0.23686214775323686,0.3530079455164586,0.32592645031754947
Decision Tree,0.7263333333333334,0.614178576611005,0.38407329105003524,0.4150799695354151,0.3989751098096633,0.22243213867623854
KNN,0.795,0.7078184201542046,0.5486518171160609,0.3564356435643564,0.43213296398891965,0.3247460167873724
Naive Bayes,0.707,0.7370833848578273,0.3966558290757083,0.6504188880426505,0.4927870744373918,0.3217503541630435
Random Forest,0.8151666666666667,0.7572013368148454,0.6385869565217391,0.357958872810358,0.4587603709126403,0.3796180298797622
XGBoost,0.82,0.7827967554924569,0.667144906743185,0.3541507996953541,0.4626865671641791,0.39310352357785167
