Model,Accuracy,AUC,Precision,Recall,F1,MCC
Logistic Regression,0.8054722638680659,0.6874469156588471,0.6585365853658537,0.18914185639229422,0.2938775510204082,0.277372403634854
Decision Tree,0.7241379310344828,0.6059444440268684,0.3671497584541063,0.39929947460595444,0.3825503355704698,0.205646219391451
KNN,0.7897301349325337,0.6946713969668954,0.5168918918918919,0.2679509632224168,0.35294117647058826,0.2608668656950305
Naive Bayes,0.5967016491754122,0.6987001696193462,0.30710466004583653,0.7040280210157618,0.4276595744680851,0.22274919378930472
Random Forest,0.8118440779610195,0.7333735876537827,0.6088328075709779,0.3380035026269702,0.4346846846846847,0.35348038137951027
XGBoost,0.8137181409295352,0.7470337493224831,0.6312056737588653,0.3117338003502627,0.41735052754982416,0.34969495593519
